id,first_name,last_name,email,gender,ip_address
1,Gilberta,Tungate,gtungate0@soundcloud.com,Non-binary,150.236.216.220
2,Eleonora,Misselbrook,emisselbrook1@rakuten.co.jp,Female,69.158.171.16
3,Mitch,Hemerijk,mhemerijk2@twitter.com,Genderfluid,76.247.156.149
4,Rowen,Swanton,rswanton3@dailymail.co.uk,Male,156.145.175.135
5,Claiborn,Stenning,cstenning4@ucla.edu,Male,131.34.14.161
6,Nanete,Abrahmer,nabrahmer5@discuz.net,Female,33.173.88.230
7,Hashim,Hebner,hhebner6@amazon.com,Male,38.165.28.89
8,Marci,Halbert,mhalbert7@psu.edu,Female,254.9.254.201
9,Desiri,Wornham,dwornham8@npr.org,Agender,209.2.124.207
10,Myrah,Rajchert,mrajchert9@gravatar.com,Female,25.173.204.185
11,Lorrin,Ingledow,lingledowa@storify.com,Female,69.28.147.234
12,Aldis,Ziem,aziemb@bravesites.com,Male,46.167.97.15
13,Martyn,Slane,mslanec@flavors.me,Male,30.217.187.126
14,Karl,Mincher,kmincherd@usnews.com,Male,181.14.30.163
15,Corabel,Amphlett,camphlette@whitehouse.gov,Female,193.105.156.0